anno,RPT,RGN,PRV,PRVd,PRVs
2001,1,1,1,Torino,TO
2001,1,1,2,Vercelli,VC
2001,1,1,3,Novara,NO
2001,1,1,4,Cuneo,CN
2001,1,1,5,Asti,AT
2001,1,1,6,Alessandria,AL
2001,1,2,7,Valle d'Aosta/Vallée d'Aoste,AO
2001,1,7,8,Imperia,IM
2001,1,7,9,Savona,SV
2001,1,7,10,Genova,GE
2001,1,7,11,La Spezia,SP
2001,1,3,12,Varese,VA
2001,1,3,13,Como,CO
2001,1,3,14,Sondrio,SO
2001,1,3,15,Milano,MI
2001,1,3,16,Bergamo,BG
2001,1,3,17,Brescia,BS
2001,1,3,18,Pavia,PV
2001,1,3,19,Cremona,CR
2001,1,3,20,Mantova,MN
2001,2,4,21,Bolzano/Bozen,BZ
2001,2,4,22,Trento,TN
2001,2,5,23,Verona,VR
2001,2,5,24,Vicenza,VI
2001,2,5,25,Belluno,BL
2001,2,5,26,Treviso,TV
2001,2,5,27,Venezia,VE
2001,2,5,28,Padova,PD
2001,2,5,29,Rovigo,RO
2001,2,6,30,Udine,UD
2001,2,6,31,Gorizia,GO
2001,2,6,32,Trieste,TS
2001,2,8,33,Piacenza,PC
2001,2,8,34,Parma,PR
2001,2,8,35,Reggio nell'Emilia,RE
2001,2,8,36,Modena,MO
2001,2,8,37,Bologna,BO
2001,2,8,38,Ferrara,FE
2001,2,8,39,Ravenna,RA
2001,2,8,40,Forlì-Cesena,FO
2001,3,11,41,Pesaro e Urbino,PS
2001,3,11,42,Ancona,AN
2001,3,11,43,Macerata,MC
2001,3,11,44,Ascoli Piceno,AP
2001,3,9,45,Massa-Carrara,MS
2001,3,9,46,Lucca,LU
2001,3,9,47,Pistoia,PT
2001,3,9,48,Firenze,FI
2001,3,9,49,Livorno,LI
2001,3,9,50,Pisa,PI
2001,3,9,51,Arezzo,AR
2001,3,9,52,Siena,SI
2001,3,9,53,Grosseto,GR
2001,3,10,54,Perugia,PG
2001,3,10,55,Terni,TR
2001,3,12,56,Viterbo,VT
2001,3,12,57,Rieti,RI
2001,3,12,58,Roma,RM
2001,3,12,59,Latina,LT
2001,3,12,60,Frosinone,FR
2001,4,15,61,Caserta,CE
2001,4,15,62,Benevento,BN
2001,4,15,63,Napoli,NA
2001,4,15,64,Avellino,AV
2001,4,15,65,Salerno,SA
2001,4,13,66,L'Aquila,AQ
2001,4,13,67,Teramo,TE
2001,4,13,68,Pescara,PE
2001,4,13,69,Chieti,CH
2001,4,14,70,Campobasso,CB
2001,4,16,71,Foggia,FG
2001,4,16,72,Bari,BA
2001,4,16,73,Taranto,TA
2001,4,16,74,Brindisi,BR
2001,4,16,75,Lecce,LE
2001,4,17,76,Potenza,PZ
2001,4,17,77,Matera,MT
2001,4,18,78,Cosenza,CS
2001,4,18,79,Catanzaro,CZ
2001,4,18,80,Reggio di Calabria,RC
2001,5,19,81,Trapani,TP
2001,5,19,82,Palermo,PA
2001,5,19,83,Messina,ME
2001,5,19,84,Agrigento,AG
2001,5,19,85,Caltanissetta,CL
2001,5,19,86,Enna,EN
2001,5,19,87,Catania,CT
2001,5,19,88,Ragusa,RG
2001,5,19,89,Siracusa,SR
2001,5,20,90,Sassari,SS
2001,5,20,91,Nuoro,NU
2001,5,20,92,Cagliari,CA
2001,2,6,93,Pordenone,PN
2001,4,14,94,Isernia,IS
2001,5,20,95,Oristano,OR
2001,1,1,96,Biella,BI
2001,1,3,97,Lecco,LC
2001,1,3,98,Lodi,LO
2001,2,8,99,Rimini,RN
2001,3,9,100,Prato,PO
2001,4,18,101,Crotone,KR
2001,4,18,102,Vibo Valentia,VV
2001,1,1,103,Verbano-Cusio-Ossola,VB
2002,1,1,1,Torino,TO
2002,1,1,2,Vercelli,VC
2002,1,1,3,Novara,NO
2002,1,1,4,Cuneo,CN
2002,1,1,5,Asti,AT
2002,1,1,6,Alessandria,AL
2002,1,2,7,Valle d'Aosta/Vallée d'Aoste,AO
2002,1,7,8,Imperia,IM
2002,1,7,9,Savona,SV
2002,1,7,10,Genova,GE
2002,1,7,11,La Spezia,SP
2002,1,3,12,Varese,VA
2002,1,3,13,Como,CO
2002,1,3,14,Sondrio,SO
2002,1,3,15,Milano,MI
2002,1,3,16,Bergamo,BG
2002,1,3,17,Brescia,BS
2002,1,3,18,Pavia,PV
2002,1,3,19,Cremona,CR
2002,1,3,20,Mantova,MN
2002,2,4,21,Bolzano/Bozen,BZ
2002,2,4,22,Trento,TN
2002,2,5,23,Verona,VR
2002,2,5,24,Vicenza,VI
2002,2,5,25,Belluno,BL
2002,2,5,26,Treviso,TV
2002,2,5,27,Venezia,VE
2002,2,5,28,Padova,PD
2002,2,5,29,Rovigo,RO
2002,2,6,30,Udine,UD
2002,2,6,31,Gorizia,GO
2002,2,6,32,Trieste,TS
2002,2,8,33,Piacenza,PC
2002,2,8,34,Parma,PR
2002,2,8,35,Reggio nell'Emilia,RE
2002,2,8,36,Modena,MO
2002,2,8,37,Bologna,BO
2002,2,8,38,Ferrara,FE
2002,2,8,39,Ravenna,RA
2002,2,8,40,Forlì-Cesena,FC
2002,3,11,41,Pesaro e Urbino,PU
2002,3,11,42,Ancona,AN
2002,3,11,43,Macerata,MC
2002,3,11,44,Ascoli Piceno,AP
2002,3,9,45,Massa-Carrara,MS
2002,3,9,46,Lucca,LU
2002,3,9,47,Pistoia,PT
2002,3,9,48,Firenze,FI
2002,3,9,49,Livorno,LI
2002,3,9,50,Pisa,PI
2002,3,9,51,Arezzo,AR
2002,3,9,52,Siena,SI
2002,3,9,53,Grosseto,GR
2002,3,10,54,Perugia,PG
2002,3,10,55,Terni,TR
2002,3,12,56,Viterbo,VT
2002,3,12,57,Rieti,RI
2002,3,12,58,Roma,RM
2002,3,12,59,Latina,LT
2002,3,12,60,Frosinone,FR
2002,4,15,61,Caserta,CE
2002,4,15,62,Benevento,BN
2002,4,15,63,Napoli,NA
2002,4,15,64,Avellino,AV
2002,4,15,65,Salerno,SA
2002,4,13,66,L'Aquila,AQ
2002,4,13,67,Teramo,TE
2002,4,13,68,Pescara,PE
2002,4,13,69,Chieti,CH
2002,4,14,70,Campobasso,CB
2002,4,16,71,Foggia,FG
2002,4,16,72,Bari,BA
2002,4,16,73,Taranto,TA
2002,4,16,74,Brindisi,BR
2002,4,16,75,Lecce,LE
2002,4,17,76,Potenza,PZ
2002,4,17,77,Matera,MT
2002,4,18,78,Cosenza,CS
2002,4,18,79,Catanzaro,CZ
2002,4,18,80,Reggio di Calabria,RC
2002,5,19,81,Trapani,TP
2002,5,19,82,Palermo,PA
2002,5,19,83,Messina,ME
2002,5,19,84,Agrigento,AG
2002,5,19,85,Caltanissetta,CL
2002,5,19,86,Enna,EN
2002,5,19,87,Catania,CT
2002,5,19,88,Ragusa,RG
2002,5,19,89,Siracusa,SR
2002,5,20,90,Sassari,SS
2002,5,20,91,Nuoro,NU
2002,5,20,92,Cagliari,CA
2002,2,6,93,Pordenone,PN
2002,4,14,94,Isernia,IS
2002,5,20,95,Oristano,OR
2002,1,1,96,Biella,BI
2002,1,3,97,Lecco,LC
2002,1,3,98,Lodi,LO
2002,2,8,99,Rimini,RN
2002,3,9,100,Prato,PO
2002,4,18,101,Crotone,KR
2002,4,18,102,Vibo Valentia,VV
2002,1,1,103,Verbano-Cusio-Ossola,VB
2003,1,1,1,Torino,TO
2003,1,1,2,Vercelli,VC
2003,1,1,3,Novara,NO
2003,1,1,4,Cuneo,CN
2003,1,1,5,Asti,AT
2003,1,1,6,Alessandria,AL
2003,1,2,7,Valle d'Aosta/Vallée d'Aoste,AO
2003,1,7,8,Imperia,IM
2003,1,7,9,Savona,SV
2003,1,7,10,Genova,GE
2003,1,7,11,La Spezia,SP
2003,1,3,12,Varese,VA
2003,1,3,13,Como,CO
2003,1,3,14,Sondrio,SO
2003,1,3,15,Milano,MI
2003,1,3,16,Bergamo,BG
2003,1,3,17,Brescia,BS
2003,1,3,18,Pavia,PV
2003,1,3,19,Cremona,CR
2003,1,3,20,Mantova,MN
2003,2,4,21,Bolzano/Bozen,BZ
2003,2,4,22,Trento,TN
2003,2,5,23,Verona,VR
2003,2,5,24,Vicenza,VI
2003,2,5,25,Belluno,BL
2003,2,5,26,Treviso,TV
2003,2,5,27,Venezia,VE
2003,2,5,28,Padova,PD
2003,2,5,29,Rovigo,RO
2003,2,6,30,Udine,UD
2003,2,6,31,Gorizia,GO
2003,2,6,32,Trieste,TS
2003,2,8,33,Piacenza,PC
2003,2,8,34,Parma,PR
2003,2,8,35,Reggio nell'Emilia,RE
2003,2,8,36,Modena,MO
2003,2,8,37,Bologna,BO
2003,2,8,38,Ferrara,FE
2003,2,8,39,Ravenna,RA
2003,2,8,40,Forlì-Cesena,FC
2003,3,11,41,Pesaro e Urbino,PU
2003,3,11,42,Ancona,AN
2003,3,11,43,Macerata,MC
2003,3,11,44,Ascoli Piceno,AP
2003,3,9,45,Massa-Carrara,MS
2003,3,9,46,Lucca,LU
2003,3,9,47,Pistoia,PT
2003,3,9,48,Firenze,FI
2003,3,9,49,Livorno,LI
2003,3,9,50,Pisa,PI
2003,3,9,51,Arezzo,AR
2003,3,9,52,Siena,SI
2003,3,9,53,Grosseto,GR
2003,3,10,54,Perugia,PG
2003,3,10,55,Terni,TR
2003,3,12,56,Viterbo,VT
2003,3,12,57,Rieti,RI
2003,3,12,58,Roma,RM
2003,3,12,59,Latina,LT
2003,3,12,60,Frosinone,FR
2003,4,15,61,Caserta,CE
2003,4,15,62,Benevento,BN
2003,4,15,63,Napoli,NA
2003,4,15,64,Avellino,AV
2003,4,15,65,Salerno,SA
2003,4,13,66,L'Aquila,AQ
2003,4,13,67,Teramo,TE
2003,4,13,68,Pescara,PE
2003,4,13,69,Chieti,CH
2003,4,14,70,Campobasso,CB
2003,4,16,71,Foggia,FG
2003,4,16,72,Bari,BA
2003,4,16,73,Taranto,TA
2003,4,16,74,Brindisi,BR
2003,4,16,75,Lecce,LE
2003,4,17,76,Potenza,PZ
2003,4,17,77,Matera,MT
2003,4,18,78,Cosenza,CS
2003,4,18,79,Catanzaro,CZ
2003,4,18,80,Reggio di Calabria,RC
2003,5,19,81,Trapani,TP
2003,5,19,82,Palermo,PA
2003,5,19,83,Messina,ME
2003,5,19,84,Agrigento,AG
2003,5,19,85,Caltanissetta,CL
2003,5,19,86,Enna,EN
2003,5,19,87,Catania,CT
2003,5,19,88,Ragusa,RG
2003,5,19,89,Siracusa,SR
2003,5,20,90,Sassari,SS
2003,5,20,91,Nuoro,NU
2003,5,20,92,Cagliari,CA
2003,2,6,93,Pordenone,PN
2003,4,14,94,Isernia,IS
2003,5,20,95,Oristano,OR
2003,1,1,96,Biella,BI
2003,1,3,97,Lecco,LC
2003,1,3,98,Lodi,LO
2003,2,8,99,Rimini,RN
2003,3,9,100,Prato,PO
2003,4,18,101,Crotone,KR
2003,4,18,102,Vibo Valentia,VV
2003,1,1,103,Verbano-Cusio-Ossola,VB
2004,1,1,1,Torino,TO
2004,1,1,2,Vercelli,VC
2004,1,1,3,Novara,NO
2004,1,1,4,Cuneo,CN
2004,1,1,5,Asti,AT
2004,1,1,6,Alessandria,AL
2004,1,2,7,Valle d'Aosta/Vallée d'Aoste,AO
2004,1,7,8,Imperia,IM
2004,1,7,9,Savona,SV
2004,1,7,10,Genova,GE
2004,1,7,11,La Spezia,SP
2004,1,3,12,Varese,VA
2004,1,3,13,Como,CO
2004,1,3,14,Sondrio,SO
2004,1,3,15,Milano,MI
2004,1,3,16,Bergamo,BG
2004,1,3,17,Brescia,BS
2004,1,3,18,Pavia,PV
2004,1,3,19,Cremona,CR
2004,1,3,20,Mantova,MN
2004,2,4,21,Bolzano/Bozen,BZ
2004,2,4,22,Trento,TN
2004,2,5,23,Verona,VR
2004,2,5,24,Vicenza,VI
2004,2,5,25,Belluno,BL
2004,2,5,26,Treviso,TV
2004,2,5,27,Venezia,VE
2004,2,5,28,Padova,PD
2004,2,5,29,Rovigo,RO
2004,2,6,30,Udine,UD
2004,2,6,31,Gorizia,GO
2004,2,6,32,Trieste,TS
2004,2,8,33,Piacenza,PC
2004,2,8,34,Parma,PR
2004,2,8,35,Reggio nell'Emilia,RE
2004,2,8,36,Modena,MO
2004,2,8,37,Bologna,BO
2004,2,8,38,Ferrara,FE
2004,2,8,39,Ravenna,RA
2004,2,8,40,Forlì-Cesena,FC
2004,3,11,41,Pesaro e Urbino,PU
2004,3,11,42,Ancona,AN
2004,3,11,43,Macerata,MC
2004,3,11,44,Ascoli Piceno,AP
2004,3,9,45,Massa-Carrara,MS
2004,3,9,46,Lucca,LU
2004,3,9,47,Pistoia,PT
2004,3,9,48,Firenze,FI
2004,3,9,49,Livorno,LI
2004,3,9,50,Pisa,PI
2004,3,9,51,Arezzo,AR
2004,3,9,52,Siena,SI
2004,3,9,53,Grosseto,GR
2004,3,10,54,Perugia,PG
2004,3,10,55,Terni,TR
2004,3,12,56,Viterbo,VT
2004,3,12,57,Rieti,RI
2004,3,12,58,Roma,RM
2004,3,12,59,Latina,LT
2004,3,12,60,Frosinone,FR
2004,4,15,61,Caserta,CE
2004,4,15,62,Benevento,BN
2004,4,15,63,Napoli,NA
2004,4,15,64,Avellino,AV
2004,4,15,65,Salerno,SA
2004,4,13,66,L'Aquila,AQ
2004,4,13,67,Teramo,TE
2004,4,13,68,Pescara,PE
2004,4,13,69,Chieti,CH
2004,4,14,70,Campobasso,CB
2004,4,16,71,Foggia,FG
2004,4,16,72,Bari,BA
2004,4,16,73,Taranto,TA
2004,4,16,74,Brindisi,BR
2004,4,16,75,Lecce,LE
2004,4,17,76,Potenza,PZ
2004,4,17,77,Matera,MT
2004,4,18,78,Cosenza,CS
2004,4,18,79,Catanzaro,CZ
2004,4,18,80,Reggio di Calabria,RC
2004,5,19,81,Trapani,TP
2004,5,19,82,Palermo,PA
2004,5,19,83,Messina,ME
2004,5,19,84,Agrigento,AG
2004,5,19,85,Caltanissetta,CL
2004,5,19,86,Enna,EN
2004,5,19,87,Catania,CT
2004,5,19,88,Ragusa,RG
2004,5,19,89,Siracusa,SR
2004,5,20,90,Sassari,SS
2004,5,20,91,Nuoro,NU
2004,5,20,92,Cagliari,CA
2004,2,6,93,Pordenone,PN
2004,4,14,94,Isernia,IS
2004,5,20,95,Oristano,OR
2004,1,1,96,Biella,BI
2004,1,3,97,Lecco,LC
2004,1,3,98,Lodi,LO
2004,2,8,99,Rimini,RN
2004,3,9,100,Prato,PO
2004,4,18,101,Crotone,KR
2004,4,18,102,Vibo Valentia,VV
2004,1,1,103,Verbano-Cusio-Ossola,VB
2005,1,1,1,Torino,TO
2005,1,1,2,Vercelli,VC
2005,1,1,3,Novara,NO
2005,1,1,4,Cuneo,CN
2005,1,1,5,Asti,AT
2005,1,1,6,Alessandria,AL
2005,1,2,7,Valle d'Aosta/Vallée d'Aoste,AO
2005,1,7,8,Imperia,IM
2005,1,7,9,Savona,SV
2005,1,7,10,Genova,GE
2005,1,7,11,La Spezia,SP
2005,1,3,12,Varese,VA
2005,1,3,13,Como,CO
2005,1,3,14,Sondrio,SO
2005,1,3,15,Milano,MI
2005,1,3,16,Bergamo,BG
2005,1,3,17,Brescia,BS
2005,1,3,18,Pavia,PV
2005,1,3,19,Cremona,CR
2005,1,3,20,Mantova,MN
2005,2,4,21,Bolzano/Bozen,BZ
2005,2,4,22,Trento,TN
2005,2,5,23,Verona,VR
2005,2,5,24,Vicenza,VI
2005,2,5,25,Belluno,BL
2005,2,5,26,Treviso,TV
2005,2,5,27,Venezia,VE
2005,2,5,28,Padova,PD
2005,2,5,29,Rovigo,RO
2005,2,6,30,Udine,UD
2005,2,6,31,Gorizia,GO
2005,2,6,32,Trieste,TS
2005,2,8,33,Piacenza,PC
2005,2,8,34,Parma,PR
2005,2,8,35,Reggio nell'Emilia,RE
2005,2,8,36,Modena,MO
2005,2,8,37,Bologna,BO
2005,2,8,38,Ferrara,FE
2005,2,8,39,Ravenna,RA
2005,2,8,40,Forlì-Cesena,FC
2005,3,11,41,Pesaro e Urbino,PU
2005,3,11,42,Ancona,AN
2005,3,11,43,Macerata,MC
2005,3,11,44,Ascoli Piceno,AP
2005,3,9,45,Massa-Carrara,MS
2005,3,9,46,Lucca,LU
2005,3,9,47,Pistoia,PT
2005,3,9,48,Firenze,FI
2005,3,9,49,Livorno,LI
2005,3,9,50,Pisa,PI
2005,3,9,51,Arezzo,AR
2005,3,9,52,Siena,SI
2005,3,9,53,Grosseto,GR
2005,3,10,54,Perugia,PG
2005,3,10,55,Terni,TR
2005,3,12,56,Viterbo,VT
2005,3,12,57,Rieti,RI
2005,3,12,58,Roma,RM
2005,3,12,59,Latina,LT
2005,3,12,60,Frosinone,FR
2005,4,15,61,Caserta,CE
2005,4,15,62,Benevento,BN
2005,4,15,63,Napoli,NA
2005,4,15,64,Avellino,AV
2005,4,15,65,Salerno,SA
2005,4,13,66,L'Aquila,AQ
2005,4,13,67,Teramo,TE
2005,4,13,68,Pescara,PE
2005,4,13,69,Chieti,CH
2005,4,14,70,Campobasso,CB
2005,4,16,71,Foggia,FG
2005,4,16,72,Bari,BA
2005,4,16,73,Taranto,TA
2005,4,16,74,Brindisi,BR
2005,4,16,75,Lecce,LE
2005,4,17,76,Potenza,PZ
2005,4,17,77,Matera,MT
2005,4,18,78,Cosenza,CS
2005,4,18,79,Catanzaro,CZ
2005,4,18,80,Reggio di Calabria,RC
2005,5,19,81,Trapani,TP
2005,5,19,82,Palermo,PA
2005,5,19,83,Messina,ME
2005,5,19,84,Agrigento,AG
2005,5,19,85,Caltanissetta,CL
2005,5,19,86,Enna,EN
2005,5,19,87,Catania,CT
2005,5,19,88,Ragusa,RG
2005,5,19,89,Siracusa,SR
2005,5,20,90,Sassari,SS
2005,5,20,91,Nuoro,NU
2005,5,20,92,Cagliari,CA
2005,2,6,93,Pordenone,PN
2005,4,14,94,Isernia,IS
2005,5,20,95,Oristano,OR
2005,1,1,96,Biella,BI
2005,1,3,97,Lecco,LC
2005,1,3,98,Lodi,LO
2005,2,8,99,Rimini,RN
2005,3,9,100,Prato,PO
2005,4,18,101,Crotone,KR
2005,4,18,102,Vibo Valentia,VV
2005,1,1,103,Verbano-Cusio-Ossola,VB
2006,1,1,1,Torino,TO
2006,1,1,2,Vercelli,VC
2006,1,1,3,Novara,NO
2006,1,1,4,Cuneo,CN
2006,1,1,5,Asti,AT
2006,1,1,6,Alessandria,AL
2006,1,2,7,Valle d'Aosta/Vallée d'Aoste,AO
2006,1,7,8,Imperia,IM
2006,1,7,9,Savona,SV
2006,1,7,10,Genova,GE
2006,1,7,11,La Spezia,SP
2006,1,3,12,Varese,VA
2006,1,3,13,Como,CO
2006,1,3,14,Sondrio,SO
2006,1,3,15,Milano,MI
2006,1,3,16,Bergamo,BG
2006,1,3,17,Brescia,BS
2006,1,3,18,Pavia,PV
2006,1,3,19,Cremona,CR
2006,1,3,20,Mantova,MN
2006,2,4,21,Bolzano/Bozen,BZ
2006,2,4,22,Trento,TN
2006,2,5,23,Verona,VR
2006,2,5,24,Vicenza,VI
2006,2,5,25,Belluno,BL
2006,2,5,26,Treviso,TV
2006,2,5,27,Venezia,VE
2006,2,5,28,Padova,PD
2006,2,5,29,Rovigo,RO
2006,2,6,30,Udine,UD
2006,2,6,31,Gorizia,GO
2006,2,6,32,Trieste,TS
2006,2,8,33,Piacenza,PC
2006,2,8,34,Parma,PR
2006,2,8,35,Reggio nell'Emilia,RE
2006,2,8,36,Modena,MO
2006,2,8,37,Bologna,BO
2006,2,8,38,Ferrara,FE
2006,2,8,39,Ravenna,RA
2006,2,8,40,Forlì-Cesena,FC
2006,3,11,41,Pesaro e Urbino,PU
2006,3,11,42,Ancona,AN
2006,3,11,43,Macerata,MC
2006,3,11,44,Ascoli Piceno,AP
2006,3,9,45,Massa-Carrara,MS
2006,3,9,46,Lucca,LU
2006,3,9,47,Pistoia,PT
2006,3,9,48,Firenze,FI
2006,3,9,49,Livorno,LI
2006,3,9,50,Pisa,PI
2006,3,9,51,Arezzo,AR
2006,3,9,52,Siena,SI
2006,3,9,53,Grosseto,GR
2006,3,10,54,Perugia,PG
2006,3,10,55,Terni,TR
2006,3,12,56,Viterbo,VT
2006,3,12,57,Rieti,RI
2006,3,12,58,Roma,RM
2006,3,12,59,Latina,LT
2006,3,12,60,Frosinone,FR
2006,4,15,61,Caserta,CE
2006,4,15,62,Benevento,BN
2006,4,15,63,Napoli,NA
2006,4,15,64,Avellino,AV
2006,4,15,65,Salerno,SA
2006,4,13,66,L'Aquila,AQ
2006,4,13,67,Teramo,TE
2006,4,13,68,Pescara,PE
2006,4,13,69,Chieti,CH
2006,4,14,70,Campobasso,CB
2006,4,16,71,Foggia,FG
2006,4,16,72,Bari,BA
2006,4,16,73,Taranto,TA
2006,4,16,74,Brindisi,BR
2006,4,16,75,Lecce,LE
2006,4,17,76,Potenza,PZ
2006,4,17,77,Matera,MT
2006,4,18,78,Cosenza,CS
2006,4,18,79,Catanzaro,CZ
2006,4,18,80,Reggio di Calabria,RC
2006,5,19,81,Trapani,TP
2006,5,19,82,Palermo,PA
2006,5,19,83,Messina,ME
2006,5,19,84,Agrigento,AG
2006,5,19,85,Caltanissetta,CL
2006,5,19,86,Enna,EN
2006,5,19,87,Catania,CT
2006,5,19,88,Ragusa,RG
2006,5,19,89,Siracusa,SR
2006,5,20,90,Sassari,SS
2006,5,20,91,Nuoro,NU
2006,5,20,92,Cagliari,CA
2006,2,6,93,Pordenone,PN
2006,4,14,94,Isernia,IS
2006,5,20,95,Oristano,OR
2006,1,1,96,Biella,BI
2006,1,3,97,Lecco,LC
2006,1,3,98,Lodi,LO
2006,2,8,99,Rimini,RN
2006,3,9,100,Prato,PO
2006,4,18,101,Crotone,KR
2006,4,18,102,Vibo Valentia,VV
2006,1,1,103,Verbano-Cusio-Ossola,VB
2006,5,20,104,Olbia-Tempio,OT
2006,5,20,105,Ogliastra,OG
2006,5,20,106,Medio Campidano,VS
2006,5,20,107,Carbonia-Iglesias,CI
2007,1,1,1,Torino,TO
2007,1,1,2,Vercelli,VC
2007,1,1,3,Novara,NO
2007,1,1,4,Cuneo,CN
2007,1,1,5,Asti,AT
2007,1,1,6,Alessandria,AL
2007,1,2,7,Valle d'Aosta/Vallée d'Aoste,AO
2007,1,7,8,Imperia,IM
2007,1,7,9,Savona,SV
2007,1,7,10,Genova,GE
2007,1,7,11,La Spezia,SP
2007,1,3,12,Varese,VA
2007,1,3,13,Como,CO
2007,1,3,14,Sondrio,SO
2007,1,3,15,Milano,MI
2007,1,3,16,Bergamo,BG
2007,1,3,17,Brescia,BS
2007,1,3,18,Pavia,PV
2007,1,3,19,Cremona,CR
2007,1,3,20,Mantova,MN
2007,2,4,21,Bolzano/Bozen,BZ
2007,2,4,22,Trento,TN
2007,2,5,23,Verona,VR
2007,2,5,24,Vicenza,VI
2007,2,5,25,Belluno,BL
2007,2,5,26,Treviso,TV
2007,2,5,27,Venezia,VE
2007,2,5,28,Padova,PD
2007,2,5,29,Rovigo,RO
2007,2,6,30,Udine,UD
2007,2,6,31,Gorizia,GO
2007,2,6,32,Trieste,TS
2007,2,8,33,Piacenza,PC
2007,2,8,34,Parma,PR
2007,2,8,35,Reggio nell'Emilia,RE
2007,2,8,36,Modena,MO
2007,2,8,37,Bologna,BO
2007,2,8,38,Ferrara,FE
2007,2,8,39,Ravenna,RA
2007,2,8,40,Forlì-Cesena,FC
2007,3,11,41,Pesaro e Urbino,PU
2007,3,11,42,Ancona,AN
2007,3,11,43,Macerata,MC
2007,3,11,44,Ascoli Piceno,AP
2007,3,9,45,Massa-Carrara,MS
2007,3,9,46,Lucca,LU
2007,3,9,47,Pistoia,PT
2007,3,9,48,Firenze,FI
2007,3,9,49,Livorno,LI
2007,3,9,50,Pisa,PI
2007,3,9,51,Arezzo,AR
2007,3,9,52,Siena,SI
2007,3,9,53,Grosseto,GR
2007,3,10,54,Perugia,PG
2007,3,10,55,Terni,TR
2007,3,12,56,Viterbo,VT
2007,3,12,57,Rieti,RI
2007,3,12,58,Roma,RM
2007,3,12,59,Latina,LT
2007,3,12,60,Frosinone,FR
2007,4,15,61,Caserta,CE
2007,4,15,62,Benevento,BN
2007,4,15,63,Napoli,NA
2007,4,15,64,Avellino,AV
2007,4,15,65,Salerno,SA
2007,4,13,66,L'Aquila,AQ
2007,4,13,67,Teramo,TE
2007,4,13,68,Pescara,PE
2007,4,13,69,Chieti,CH
2007,4,14,70,Campobasso,CB
2007,4,16,71,Foggia,FG
2007,4,16,72,Bari,BA
2007,4,16,73,Taranto,TA
2007,4,16,74,Brindisi,BR
2007,4,16,75,Lecce,LE
2007,4,17,76,Potenza,PZ
2007,4,17,77,Matera,MT
2007,4,18,78,Cosenza,CS
2007,4,18,79,Catanzaro,CZ
2007,4,18,80,Reggio di Calabria,RC
2007,5,19,81,Trapani,TP
2007,5,19,82,Palermo,PA
2007,5,19,83,Messina,ME
2007,5,19,84,Agrigento,AG
2007,5,19,85,Caltanissetta,CL
2007,5,19,86,Enna,EN
2007,5,19,87,Catania,CT
2007,5,19,88,Ragusa,RG
2007,5,19,89,Siracusa,SR
2007,5,20,90,Sassari,SS
2007,5,20,91,Nuoro,NU
2007,5,20,92,Cagliari,CA
2007,2,6,93,Pordenone,PN
2007,4,14,94,Isernia,IS
2007,5,20,95,Oristano,OR
2007,1,1,96,Biella,BI
2007,1,3,97,Lecco,LC
2007,1,3,98,Lodi,LO
2007,2,8,99,Rimini,RN
2007,3,9,100,Prato,PO
2007,4,18,101,Crotone,KR
2007,4,18,102,Vibo Valentia,VV
2007,1,1,103,Verbano-Cusio-Ossola,VB
2007,5,20,104,Olbia-Tempio,OT
2007,5,20,105,Ogliastra,OG
2007,5,20,106,Medio Campidano,VS
2007,5,20,107,Carbonia-Iglesias,CI
2008,1,1,1,Torino,TO
2008,1,1,2,Vercelli,VC
2008,1,1,3,Novara,NO
2008,1,1,4,Cuneo,CN
2008,1,1,5,Asti,AT
2008,1,1,6,Alessandria,AL
2008,1,2,7,Valle d'Aosta/Vallée d'Aoste,AO
2008,1,7,8,Imperia,IM
2008,1,7,9,Savona,SV
2008,1,7,10,Genova,GE
2008,1,7,11,La Spezia,SP
2008,1,3,12,Varese,VA
2008,1,3,13,Como,CO
2008,1,3,14,Sondrio,SO
2008,1,3,15,Milano,MI
2008,1,3,16,Bergamo,BG
2008,1,3,17,Brescia,BS
2008,1,3,18,Pavia,PV
2008,1,3,19,Cremona,CR
2008,1,3,20,Mantova,MN
2008,2,4,21,Bolzano/Bozen,BZ
2008,2,4,22,Trento,TN
2008,2,5,23,Verona,VR
2008,2,5,24,Vicenza,VI
2008,2,5,25,Belluno,BL
2008,2,5,26,Treviso,TV
2008,2,5,27,Venezia,VE
2008,2,5,28,Padova,PD
2008,2,5,29,Rovigo,RO
2008,2,6,30,Udine,UD
2008,2,6,31,Gorizia,GO
2008,2,6,32,Trieste,TS
2008,2,8,33,Piacenza,PC
2008,2,8,34,Parma,PR
2008,2,8,35,Reggio nell'Emilia,RE
2008,2,8,36,Modena,MO
2008,2,8,37,Bologna,BO
2008,2,8,38,Ferrara,FE
2008,2,8,39,Ravenna,RA
2008,2,8,40,Forlì-Cesena,FC
2008,3,11,41,Pesaro e Urbino,PU
2008,3,11,42,Ancona,AN
2008,3,11,43,Macerata,MC
2008,3,11,44,Ascoli Piceno,AP
2008,3,9,45,Massa-Carrara,MS
2008,3,9,46,Lucca,LU
2008,3,9,47,Pistoia,PT
2008,3,9,48,Firenze,FI
2008,3,9,49,Livorno,LI
2008,3,9,50,Pisa,PI
2008,3,9,51,Arezzo,AR
2008,3,9,52,Siena,SI
2008,3,9,53,Grosseto,GR
2008,3,10,54,Perugia,PG
2008,3,10,55,Terni,TR
2008,3,12,56,Viterbo,VT
2008,3,12,57,Rieti,RI
2008,3,12,58,Roma,RM
2008,3,12,59,Latina,LT
2008,3,12,60,Frosinone,FR
2008,4,15,61,Caserta,CE
2008,4,15,62,Benevento,BN
2008,4,15,63,Napoli,NA
2008,4,15,64,Avellino,AV
2008,4,15,65,Salerno,SA
2008,4,13,66,L'Aquila,AQ
2008,4,13,67,Teramo,TE
2008,4,13,68,Pescara,PE
2008,4,13,69,Chieti,CH
2008,4,14,70,Campobasso,CB
2008,4,16,71,Foggia,FG
2008,4,16,72,Bari,BA
2008,4,16,73,Taranto,TA
2008,4,16,74,Brindisi,BR
2008,4,16,75,Lecce,LE
2008,4,17,76,Potenza,PZ
2008,4,17,77,Matera,MT
2008,4,18,78,Cosenza,CS
2008,4,18,79,Catanzaro,CZ
2008,4,18,80,Reggio di Calabria,RC
2008,5,19,81,Trapani,TP
2008,5,19,82,Palermo,PA
2008,5,19,83,Messina,ME
2008,5,19,84,Agrigento,AG
2008,5,19,85,Caltanissetta,CL
2008,5,19,86,Enna,EN
2008,5,19,87,Catania,CT
2008,5,19,88,Ragusa,RG
2008,5,19,89,Siracusa,SR
2008,5,20,90,Sassari,SS
2008,5,20,91,Nuoro,NU
2008,5,20,92,Cagliari,CA
2008,2,6,93,Pordenone,PN
2008,4,14,94,Isernia,IS
2008,5,20,95,Oristano,OR
2008,1,1,96,Biella,BI
2008,1,3,97,Lecco,LC
2008,1,3,98,Lodi,LO
2008,2,8,99,Rimini,RN
2008,3,9,100,Prato,PO
2008,4,18,101,Crotone,KR
2008,4,18,102,Vibo Valentia,VV
2008,1,1,103,Verbano-Cusio-Ossola,VB
2008,5,20,104,Olbia-Tempio,OT
2008,5,20,105,Ogliastra,OG
2008,5,20,106,Medio Campidano,VS
2008,5,20,107,Carbonia-Iglesias,CI
2009,1,1,1,Torino,TO
2009,1,1,2,Vercelli,VC
2009,1,1,3,Novara,NO
2009,1,1,4,Cuneo,CN
2009,1,1,5,Asti,AT
2009,1,1,6,Alessandria,AL
2009,1,2,7,Valle d'Aosta/Vallée d'Aoste,AO
2009,1,7,8,Imperia,IM
2009,1,7,9,Savona,SV
2009,1,7,10,Genova,GE
2009,1,7,11,La Spezia,SP
2009,1,3,12,Varese,VA
2009,1,3,13,Como,CO
2009,1,3,14,Sondrio,SO
2009,1,3,15,Milano,MI
2009,1,3,16,Bergamo,BG
2009,1,3,17,Brescia,BS
2009,1,3,18,Pavia,PV
2009,1,3,19,Cremona,CR
2009,1,3,20,Mantova,MN
2009,2,4,21,Bolzano/Bozen,BZ
2009,2,4,22,Trento,TN
2009,2,5,23,Verona,VR
2009,2,5,24,Vicenza,VI
2009,2,5,25,Belluno,BL
2009,2,5,26,Treviso,TV
2009,2,5,27,Venezia,VE
2009,2,5,28,Padova,PD
2009,2,5,29,Rovigo,RO
2009,2,6,30,Udine,UD
2009,2,6,31,Gorizia,GO
2009,2,6,32,Trieste,TS
2009,2,8,33,Piacenza,PC
2009,2,8,34,Parma,PR
2009,2,8,35,Reggio nell'Emilia,RE
2009,2,8,36,Modena,MO
2009,2,8,37,Bologna,BO
2009,2,8,38,Ferrara,FE
2009,2,8,39,Ravenna,RA
2009,2,8,40,Forlì-Cesena,FC
2009,3,11,41,Pesaro e Urbino,PU
2009,3,11,42,Ancona,AN
2009,3,11,43,Macerata,MC
2009,3,11,44,Ascoli Piceno,AP
2009,3,9,45,Massa-Carrara,MS
2009,3,9,46,Lucca,LU
2009,3,9,47,Pistoia,PT
2009,3,9,48,Firenze,FI
2009,3,9,49,Livorno,LI
2009,3,9,50,Pisa,PI
2009,3,9,51,Arezzo,AR
2009,3,9,52,Siena,SI
2009,3,9,53,Grosseto,GR
2009,3,10,54,Perugia,PG
2009,3,10,55,Terni,TR
2009,3,12,56,Viterbo,VT
2009,3,12,57,Rieti,RI
2009,3,12,58,Roma,RM
2009,3,12,59,Latina,LT
2009,3,12,60,Frosinone,FR
2009,4,15,61,Caserta,CE
2009,4,15,62,Benevento,BN
2009,4,15,63,Napoli,NA
2009,4,15,64,Avellino,AV
2009,4,15,65,Salerno,SA
2009,4,13,66,L'Aquila,AQ
2009,4,13,67,Teramo,TE
2009,4,13,68,Pescara,PE
2009,4,13,69,Chieti,CH
2009,4,14,70,Campobasso,CB
2009,4,16,71,Foggia,FG
2009,4,16,72,Bari,BA
2009,4,16,73,Taranto,TA
2009,4,16,74,Brindisi,BR
2009,4,16,75,Lecce,LE
2009,4,17,76,Potenza,PZ
2009,4,17,77,Matera,MT
2009,4,18,78,Cosenza,CS
2009,4,18,79,Catanzaro,CZ
2009,4,18,80,Reggio di Calabria,RC
2009,5,19,81,Trapani,TP
2009,5,19,82,Palermo,PA
2009,5,19,83,Messina,ME
2009,5,19,84,Agrigento,AG
2009,5,19,85,Caltanissetta,CL
2009,5,19,86,Enna,EN
2009,5,19,87,Catania,CT
2009,5,19,88,Ragusa,RG
2009,5,19,89,Siracusa,SR
2009,5,20,90,Sassari,SS
2009,5,20,91,Nuoro,NU
2009,5,20,92,Cagliari,CA
2009,2,6,93,Pordenone,PN
2009,4,14,94,Isernia,IS
2009,5,20,95,Oristano,OR
2009,1,1,96,Biella,BI
2009,1,3,97,Lecco,LC
2009,1,3,98,Lodi,LO
2009,2,8,99,Rimini,RN
2009,3,9,100,Prato,PO
2009,4,18,101,Crotone,KR
2009,4,18,102,Vibo Valentia,VV
2009,1,1,103,Verbano-Cusio-Ossola,VB
2009,5,20,104,Olbia-Tempio,OT
2009,5,20,105,Ogliastra,OG
2009,5,20,106,Medio Campidano,VS
2009,5,20,107,Carbonia-Iglesias,CI
2010,1,1,1,Torino,TO
2010,1,1,2,Vercelli,VC
2010,1,1,3,Novara,NO
2010,1,1,4,Cuneo,CN
2010,1,1,5,Asti,AT
2010,1,1,6,Alessandria,AL
2010,1,2,7,Valle d'Aosta/Vallée d'Aoste,AO
2010,1,7,8,Imperia,IM
2010,1,7,9,Savona,SV
2010,1,7,10,Genova,GE
2010,1,7,11,La Spezia,SP
2010,1,3,12,Varese,VA
2010,1,3,13,Como,CO
2010,1,3,14,Sondrio,SO
2010,1,3,15,Milano,MI
2010,1,3,16,Bergamo,BG
2010,1,3,17,Brescia,BS
2010,1,3,18,Pavia,PV
2010,1,3,19,Cremona,CR
2010,1,3,20,Mantova,MN
2010,2,4,21,Bolzano/Bozen,BZ
2010,2,4,22,Trento,TN
2010,2,5,23,Verona,VR
2010,2,5,24,Vicenza,VI
2010,2,5,25,Belluno,BL
2010,2,5,26,Treviso,TV
2010,2,5,27,Venezia,VE
2010,2,5,28,Padova,PD
2010,2,5,29,Rovigo,RO
2010,2,6,30,Udine,UD
2010,2,6,31,Gorizia,GO
2010,2,6,32,Trieste,TS
2010,2,8,33,Piacenza,PC
2010,2,8,34,Parma,PR
2010,2,8,35,Reggio nell'Emilia,RE
2010,2,8,36,Modena,MO
2010,2,8,37,Bologna,BO
2010,2,8,38,Ferrara,FE
2010,2,8,39,Ravenna,RA
2010,2,8,40,Forlì-Cesena,FC
2010,3,11,41,Pesaro e Urbino,PU
2010,3,11,42,Ancona,AN
2010,3,11,43,Macerata,MC
2010,3,11,44,Ascoli Piceno,AP
2010,3,9,45,Massa-Carrara,MS
2010,3,9,46,Lucca,LU
2010,3,9,47,Pistoia,PT
2010,3,9,48,Firenze,FI
2010,3,9,49,Livorno,LI
2010,3,9,50,Pisa,PI
2010,3,9,51,Arezzo,AR
2010,3,9,52,Siena,SI
2010,3,9,53,Grosseto,GR
2010,3,10,54,Perugia,PG
2010,3,10,55,Terni,TR
2010,3,12,56,Viterbo,VT
2010,3,12,57,Rieti,RI
2010,3,12,58,Roma,RM
2010,3,12,59,Latina,LT
2010,3,12,60,Frosinone,FR
2010,4,15,61,Caserta,CE
2010,4,15,62,Benevento,BN
2010,4,15,63,Napoli,NA
2010,4,15,64,Avellino,AV
2010,4,15,65,Salerno,SA
2010,4,13,66,L'Aquila,AQ
2010,4,13,67,Teramo,TE
2010,4,13,68,Pescara,PE
2010,4,13,69,Chieti,CH
2010,4,14,70,Campobasso,CB
2010,4,16,71,Foggia,FG
2010,4,16,72,Bari,BA
2010,4,16,73,Taranto,TA
2010,4,16,74,Brindisi,BR
2010,4,16,75,Lecce,LE
2010,4,17,76,Potenza,PZ
2010,4,17,77,Matera,MT
2010,4,18,78,Cosenza,CS
2010,4,18,79,Catanzaro,CZ
2010,4,18,80,Reggio di Calabria,RC
2010,5,19,81,Trapani,TP
2010,5,19,82,Palermo,PA
2010,5,19,83,Messina,ME
2010,5,19,84,Agrigento,AG
2010,5,19,85,Caltanissetta,CL
2010,5,19,86,Enna,EN
2010,5,19,87,Catania,CT
2010,5,19,88,Ragusa,RG
2010,5,19,89,Siracusa,SR
2010,5,20,90,Sassari,SS
2010,5,20,91,Nuoro,NU
2010,5,20,92,Cagliari,CA
2010,2,6,93,Pordenone,PN
2010,4,14,94,Isernia,IS
2010,5,20,95,Oristano,OR
2010,1,1,96,Biella,BI
2010,1,3,97,Lecco,LC
2010,1,3,98,Lodi,LO
2010,2,8,99,Rimini,RN
2010,3,9,100,Prato,PO
2010,4,18,101,Crotone,KR
2010,4,18,102,Vibo Valentia,VV
2010,1,1,103,Verbano-Cusio-Ossola,VB
2010,5,20,104,Olbia-Tempio,OT
2010,5,20,105,Ogliastra,OG
2010,5,20,106,Medio Campidano,VS
2010,5,20,107,Carbonia-Iglesias,CI
2010,1,3,108,Monza e della Brianza,MB
2010,3,11,109,Fermo,FM
2010,4,16,110,Barletta-Andria-Trani,BT
2011,1,1,1,Torino,TO
2011,1,1,2,Vercelli,VC
2011,1,1,3,Novara,NO
2011,1,1,4,Cuneo,CN
2011,1,1,5,Asti,AT
2011,1,1,6,Alessandria,AL
2011,1,2,7,Valle d'Aosta/Vallée d'Aoste,AO
2011,1,7,8,Imperia,IM
2011,1,7,9,Savona,SV
2011,1,7,10,Genova,GE
2011,1,7,11,La Spezia,SP
2011,1,3,12,Varese,VA
2011,1,3,13,Como,CO
2011,1,3,14,Sondrio,SO
2011,1,3,15,Milano,MI
2011,1,3,16,Bergamo,BG
2011,1,3,17,Brescia,BS
2011,1,3,18,Pavia,PV
2011,1,3,19,Cremona,CR
2011,1,3,20,Mantova,MN
2011,2,4,21,Bolzano/Bozen,BZ
2011,2,4,22,Trento,TN
2011,2,5,23,Verona,VR
2011,2,5,24,Vicenza,VI
2011,2,5,25,Belluno,BL
2011,2,5,26,Treviso,TV
2011,2,5,27,Venezia,VE
2011,2,5,28,Padova,PD
2011,2,5,29,Rovigo,RO
2011,2,6,30,Udine,UD
2011,2,6,31,Gorizia,GO
2011,2,6,32,Trieste,TS
2011,2,8,33,Piacenza,PC
2011,2,8,34,Parma,PR
2011,2,8,35,Reggio nell'Emilia,RE
2011,2,8,36,Modena,MO
2011,2,8,37,Bologna,BO
2011,2,8,38,Ferrara,FE
2011,2,8,39,Ravenna,RA
2011,2,8,40,Forlì-Cesena,FC
2011,3,11,41,Pesaro e Urbino,PU
2011,3,11,42,Ancona,AN
2011,3,11,43,Macerata,MC
2011,3,11,44,Ascoli Piceno,AP
2011,3,9,45,Massa-Carrara,MS
2011,3,9,46,Lucca,LU
2011,3,9,47,Pistoia,PT
2011,3,9,48,Firenze,FI
2011,3,9,49,Livorno,LI
2011,3,9,50,Pisa,PI
2011,3,9,51,Arezzo,AR
2011,3,9,52,Siena,SI
2011,3,9,53,Grosseto,GR
2011,3,10,54,Perugia,PG
2011,3,10,55,Terni,TR
2011,3,12,56,Viterbo,VT
2011,3,12,57,Rieti,RI
2011,3,12,58,Roma,RM
2011,3,12,59,Latina,LT
2011,3,12,60,Frosinone,FR
2011,4,15,61,Caserta,CE
2011,4,15,62,Benevento,BN
2011,4,15,63,Napoli,NA
2011,4,15,64,Avellino,AV
2011,4,15,65,Salerno,SA
2011,4,13,66,L'Aquila,AQ
2011,4,13,67,Teramo,TE
2011,4,13,68,Pescara,PE
2011,4,13,69,Chieti,CH
2011,4,14,70,Campobasso,CB
2011,4,16,71,Foggia,FG
2011,4,16,72,Bari,BA
2011,4,16,73,Taranto,TA
2011,4,16,74,Brindisi,BR
2011,4,16,75,Lecce,LE
2011,4,17,76,Potenza,PZ
2011,4,17,77,Matera,MT
2011,4,18,78,Cosenza,CS
2011,4,18,79,Catanzaro,CZ
2011,4,18,80,Reggio di Calabria,RC
2011,5,19,81,Trapani,TP
2011,5,19,82,Palermo,PA
2011,5,19,83,Messina,ME
2011,5,19,84,Agrigento,AG
2011,5,19,85,Caltanissetta,CL
2011,5,19,86,Enna,EN
2011,5,19,87,Catania,CT
2011,5,19,88,Ragusa,RG
2011,5,19,89,Siracusa,SR
2011,5,20,90,Sassari,SS
2011,5,20,91,Nuoro,NU
2011,5,20,92,Cagliari,CA
2011,2,6,93,Pordenone,PN
2011,4,14,94,Isernia,IS
2011,5,20,95,Oristano,OR
2011,1,1,96,Biella,BI
2011,1,3,97,Lecco,LC
2011,1,3,98,Lodi,LO
2011,2,8,99,Rimini,RN
2011,3,9,100,Prato,PO
2011,4,18,101,Crotone,KR
2011,4,18,102,Vibo Valentia,VV
2011,1,1,103,Verbano-Cusio-Ossola,VB
2011,5,20,104,Olbia-Tempio,OT
2011,5,20,105,Ogliastra,OG
2011,5,20,106,Medio Campidano,VS
2011,5,20,107,Carbonia-Iglesias,CI
2011,1,3,108,Monza e della Brianza,MB
2011,3,11,109,Fermo,FM
2011,4,16,110,Barletta-Andria-Trani,BT
2012,1,1,1,Torino,TO
2012,1,1,2,Vercelli,VC
2012,1,1,3,Novara,NO
2012,1,1,4,Cuneo,CN
2012,1,1,5,Asti,AT
2012,1,1,6,Alessandria,AL
2012,1,2,7,Valle d'Aosta/Vallée d'Aoste,AO
2012,1,7,8,Imperia,IM
2012,1,7,9,Savona,SV
2012,1,7,10,Genova,GE
2012,1,7,11,La Spezia,SP
2012,1,3,12,Varese,VA
2012,1,3,13,Como,CO
2012,1,3,14,Sondrio,SO
2012,1,3,15,Milano,MI
2012,1,3,16,Bergamo,BG
2012,1,3,17,Brescia,BS
2012,1,3,18,Pavia,PV
2012,1,3,19,Cremona,CR
2012,1,3,20,Mantova,MN
2012,2,4,21,Bolzano/Bozen,BZ
2012,2,4,22,Trento,TN
2012,2,5,23,Verona,VR
2012,2,5,24,Vicenza,VI
2012,2,5,25,Belluno,BL
2012,2,5,26,Treviso,TV
2012,2,5,27,Venezia,VE
2012,2,5,28,Padova,PD
2012,2,5,29,Rovigo,RO
2012,2,6,30,Udine,UD
2012,2,6,31,Gorizia,GO
2012,2,6,32,Trieste,TS
2012,2,8,33,Piacenza,PC
2012,2,8,34,Parma,PR
2012,2,8,35,Reggio nell'Emilia,RE
2012,2,8,36,Modena,MO
2012,2,8,37,Bologna,BO
2012,2,8,38,Ferrara,FE
2012,2,8,39,Ravenna,RA
2012,2,8,40,Forlì-Cesena,FC
2012,3,11,41,Pesaro e Urbino,PU
2012,3,11,42,Ancona,AN
2012,3,11,43,Macerata,MC
2012,3,11,44,Ascoli Piceno,AP
2012,3,9,45,Massa-Carrara,MS
2012,3,9,46,Lucca,LU
2012,3,9,47,Pistoia,PT
2012,3,9,48,Firenze,FI
2012,3,9,49,Livorno,LI
2012,3,9,50,Pisa,PI
2012,3,9,51,Arezzo,AR
2012,3,9,52,Siena,SI
2012,3,9,53,Grosseto,GR
2012,3,10,54,Perugia,PG
2012,3,10,55,Terni,TR
2012,3,12,56,Viterbo,VT
2012,3,12,57,Rieti,RI
2012,3,12,58,Roma,RM
2012,3,12,59,Latina,LT
2012,3,12,60,Frosinone,FR
2012,4,15,61,Caserta,CE
2012,4,15,62,Benevento,BN
2012,4,15,63,Napoli,NA
2012,4,15,64,Avellino,AV
2012,4,15,65,Salerno,SA
2012,4,13,66,L'Aquila,AQ
2012,4,13,67,Teramo,TE
2012,4,13,68,Pescara,PE
2012,4,13,69,Chieti,CH
2012,4,14,70,Campobasso,CB
2012,4,16,71,Foggia,FG
2012,4,16,72,Bari,BA
2012,4,16,73,Taranto,TA
2012,4,16,74,Brindisi,BR
2012,4,16,75,Lecce,LE
2012,4,17,76,Potenza,PZ
2012,4,17,77,Matera,MT
2012,4,18,78,Cosenza,CS
2012,4,18,79,Catanzaro,CZ
2012,4,18,80,Reggio di Calabria,RC
2012,5,19,81,Trapani,TP
2012,5,19,82,Palermo,PA
2012,5,19,83,Messina,ME
2012,5,19,84,Agrigento,AG
2012,5,19,85,Caltanissetta,CL
2012,5,19,86,Enna,EN
2012,5,19,87,Catania,CT
2012,5,19,88,Ragusa,RG
2012,5,19,89,Siracusa,SR
2012,5,20,90,Sassari,SS
2012,5,20,91,Nuoro,NU
2012,5,20,92,Cagliari,CA
2012,2,6,93,Pordenone,PN
2012,4,14,94,Isernia,IS
2012,5,20,95,Oristano,OR
2012,1,1,96,Biella,BI
2012,1,3,97,Lecco,LC
2012,1,3,98,Lodi,LO
2012,2,8,99,Rimini,RN
2012,3,9,100,Prato,PO
2012,4,18,101,Crotone,KR
2012,4,18,102,Vibo Valentia,VV
2012,1,1,103,Verbano-Cusio-Ossola,VB
2012,5,20,104,Olbia-Tempio,OT
2012,5,20,105,Ogliastra,OG
2012,5,20,106,Medio Campidano,VS
2012,5,20,107,Carbonia-Iglesias,CI
2012,1,3,108,Monza e della Brianza,MB
2012,3,11,109,Fermo,FM
2012,4,16,110,Barletta-Andria-Trani,BT
2013,1,1,1,Torino,TO
2013,1,1,2,Vercelli,VC
2013,1,1,3,Novara,NO
2013,1,1,4,Cuneo,CN
2013,1,1,5,Asti,AT
2013,1,1,6,Alessandria,AL
2013,1,2,7,Valle d'Aosta/Vallée d'Aoste,AO
2013,1,7,8,Imperia,IM
2013,1,7,9,Savona,SV
2013,1,7,10,Genova,GE
2013,1,7,11,La Spezia,SP
2013,1,3,12,Varese,VA
2013,1,3,13,Como,CO
2013,1,3,14,Sondrio,SO
2013,1,3,15,Milano,MI
2013,1,3,16,Bergamo,BG
2013,1,3,17,Brescia,BS
2013,1,3,18,Pavia,PV
2013,1,3,19,Cremona,CR
2013,1,3,20,Mantova,MN
2013,2,4,21,Bolzano/Bozen,BZ
2013,2,4,22,Trento,TN
2013,2,5,23,Verona,VR
2013,2,5,24,Vicenza,VI
2013,2,5,25,Belluno,BL
2013,2,5,26,Treviso,TV
2013,2,5,27,Venezia,VE
2013,2,5,28,Padova,PD
2013,2,5,29,Rovigo,RO
2013,2,6,30,Udine,UD
2013,2,6,31,Gorizia,GO
2013,2,6,32,Trieste,TS
2013,2,8,33,Piacenza,PC
2013,2,8,34,Parma,PR
2013,2,8,35,Reggio nell'Emilia,RE
2013,2,8,36,Modena,MO
2013,2,8,37,Bologna,BO
2013,2,8,38,Ferrara,FE
2013,2,8,39,Ravenna,RA
2013,2,8,40,Forlì-Cesena,FC
2013,3,11,41,Pesaro e Urbino,PU
2013,3,11,42,Ancona,AN
2013,3,11,43,Macerata,MC
2013,3,11,44,Ascoli Piceno,AP
2013,3,9,45,Massa-Carrara,MS
2013,3,9,46,Lucca,LU
2013,3,9,47,Pistoia,PT
2013,3,9,48,Firenze,FI
2013,3,9,49,Livorno,LI
2013,3,9,50,Pisa,PI
2013,3,9,51,Arezzo,AR
2013,3,9,52,Siena,SI
2013,3,9,53,Grosseto,GR
2013,3,10,54,Perugia,PG
2013,3,10,55,Terni,TR
2013,3,12,56,Viterbo,VT
2013,3,12,57,Rieti,RI
2013,3,12,58,Roma,RM
2013,3,12,59,Latina,LT
2013,3,12,60,Frosinone,FR
2013,4,15,61,Caserta,CE
2013,4,15,62,Benevento,BN
2013,4,15,63,Napoli,NA
2013,4,15,64,Avellino,AV
2013,4,15,65,Salerno,SA
2013,4,13,66,L'Aquila,AQ
2013,4,13,67,Teramo,TE
2013,4,13,68,Pescara,PE
2013,4,13,69,Chieti,CH
2013,4,14,70,Campobasso,CB
2013,4,16,71,Foggia,FG
2013,4,16,72,Bari,BA
2013,4,16,73,Taranto,TA
2013,4,16,74,Brindisi,BR
2013,4,16,75,Lecce,LE
2013,4,17,76,Potenza,PZ
2013,4,17,77,Matera,MT
2013,4,18,78,Cosenza,CS
2013,4,18,79,Catanzaro,CZ
2013,4,18,80,Reggio di Calabria,RC
2013,5,19,81,Trapani,TP
2013,5,19,82,Palermo,PA
2013,5,19,83,Messina,ME
2013,5,19,84,Agrigento,AG
2013,5,19,85,Caltanissetta,CL
2013,5,19,86,Enna,EN
2013,5,19,87,Catania,CT
2013,5,19,88,Ragusa,RG
2013,5,19,89,Siracusa,SR
2013,5,20,90,Sassari,SS
2013,5,20,91,Nuoro,NU
2013,5,20,92,Cagliari,CA
2013,2,6,93,Pordenone,PN
2013,4,14,94,Isernia,IS
2013,5,20,95,Oristano,OR
2013,1,1,96,Biella,BI
2013,1,3,97,Lecco,LC
2013,1,3,98,Lodi,LO
2013,2,8,99,Rimini,RN
2013,3,9,100,Prato,PO
2013,4,18,101,Crotone,KR
2013,4,18,102,Vibo Valentia,VV
2013,1,1,103,Verbano-Cusio-Ossola,VB
2013,5,20,104,Olbia-Tempio,OT
2013,5,20,105,Ogliastra,OG
2013,5,20,106,Medio Campidano,VS
2013,5,20,107,Carbonia-Iglesias,CI
2013,1,3,108,Monza e della Brianza,MB
2013,3,11,109,Fermo,FM
2013,4,16,110,Barletta-Andria-Trani,BT
2014,1,1,1,Torino,TO
2014,1,1,2,Vercelli,VC
2014,1,1,3,Novara,NO
2014,1,1,4,Cuneo,CN
2014,1,1,5,Asti,AT
2014,1,1,6,Alessandria,AL
2014,1,2,7,Valle d'Aosta/Vallée d'Aoste,AO
2014,1,7,8,Imperia,IM
2014,1,7,9,Savona,SV
2014,1,7,10,Genova,GE
2014,1,7,11,La Spezia,SP
2014,1,3,12,Varese,VA
2014,1,3,13,Como,CO
2014,1,3,14,Sondrio,SO
2014,1,3,15,Milano,MI
2014,1,3,16,Bergamo,BG
2014,1,3,17,Brescia,BS
2014,1,3,18,Pavia,PV
2014,1,3,19,Cremona,CR
2014,1,3,20,Mantova,MN
2014,2,4,21,Bolzano/Bozen,BZ
2014,2,4,22,Trento,TN
2014,2,5,23,Verona,VR
2014,2,5,24,Vicenza,VI
2014,2,5,25,Belluno,BL
2014,2,5,26,Treviso,TV
2014,2,5,27,Venezia,VE
2014,2,5,28,Padova,PD
2014,2,5,29,Rovigo,RO
2014,2,6,30,Udine,UD
2014,2,6,31,Gorizia,GO
2014,2,6,32,Trieste,TS
2014,2,8,33,Piacenza,PC
2014,2,8,34,Parma,PR
2014,2,8,35,Reggio nell'Emilia,RE
2014,2,8,36,Modena,MO
2014,2,8,37,Bologna,BO
2014,2,8,38,Ferrara,FE
2014,2,8,39,Ravenna,RA
2014,2,8,40,Forlì-Cesena,FC
2014,3,11,41,Pesaro e Urbino,PU
2014,3,11,42,Ancona,AN
2014,3,11,43,Macerata,MC
2014,3,11,44,Ascoli Piceno,AP
2014,3,9,45,Massa-Carrara,MS
2014,3,9,46,Lucca,LU
2014,3,9,47,Pistoia,PT
2014,3,9,48,Firenze,FI
2014,3,9,49,Livorno,LI
2014,3,9,50,Pisa,PI
2014,3,9,51,Arezzo,AR
2014,3,9,52,Siena,SI
2014,3,9,53,Grosseto,GR
2014,3,10,54,Perugia,PG
2014,3,10,55,Terni,TR
2014,3,12,56,Viterbo,VT
2014,3,12,57,Rieti,RI
2014,3,12,58,Roma,RM
2014,3,12,59,Latina,LT
2014,3,12,60,Frosinone,FR
2014,4,15,61,Caserta,CE
2014,4,15,62,Benevento,BN
2014,4,15,63,Napoli,NA
2014,4,15,64,Avellino,AV
2014,4,15,65,Salerno,SA
2014,4,13,66,L'Aquila,AQ
2014,4,13,67,Teramo,TE
2014,4,13,68,Pescara,PE
2014,4,13,69,Chieti,CH
2014,4,14,70,Campobasso,CB
2014,4,16,71,Foggia,FG
2014,4,16,72,Bari,BA
2014,4,16,73,Taranto,TA
2014,4,16,74,Brindisi,BR
2014,4,16,75,Lecce,LE
2014,4,17,76,Potenza,PZ
2014,4,17,77,Matera,MT
2014,4,18,78,Cosenza,CS
2014,4,18,79,Catanzaro,CZ
2014,4,18,80,Reggio di Calabria,RC
2014,5,19,81,Trapani,TP
2014,5,19,82,Palermo,PA
2014,5,19,83,Messina,ME
2014,5,19,84,Agrigento,AG
2014,5,19,85,Caltanissetta,CL
2014,5,19,86,Enna,EN
2014,5,19,87,Catania,CT
2014,5,19,88,Ragusa,RG
2014,5,19,89,Siracusa,SR
2014,5,20,90,Sassari,SS
2014,5,20,91,Nuoro,NU
2014,5,20,92,Cagliari,CA
2014,2,6,93,Pordenone,PN
2014,4,14,94,Isernia,IS
2014,5,20,95,Oristano,OR
2014,1,1,96,Biella,BI
2014,1,3,97,Lecco,LC
2014,1,3,98,Lodi,LO
2014,2,8,99,Rimini,RN
2014,3,9,100,Prato,PO
2014,4,18,101,Crotone,KR
2014,4,18,102,Vibo Valentia,VV
2014,1,1,103,Verbano-Cusio-Ossola,VB
2014,5,20,104,Olbia-Tempio,OT
2014,5,20,105,Ogliastra,OG
2014,5,20,106,Medio Campidano,VS
2014,5,20,107,Carbonia-Iglesias,CI
2014,1,3,108,Monza e della Brianza,MB
2014,3,11,109,Fermo,FM
2014,4,16,110,Barletta-Andria-Trani,BT
